county	state	population
Autauga	AL	25508
Baldwin	AL	60141
Barbour	AL	23092
Bibb	AL	13919
Blount	AL	27817
Bullock	AL	11418
Butler	AL	21846
Calhoun	AL	103621
Chambers	AL	36280
Cherokee	AL	16522
Chilton	AL	25630
Choctaw	AL	16516
Clarke	AL	25876
Clay	AL	12926
Cleburne	AL	11165
Coffee	AL	36396
Colbert	AL	50386
Conecuh	AL	15788
Coosa	AL	10720
Covington	AL	34607
Crenshaw	AL	13363
Cullman	AL	54323
Dale	AL	54548
Dallas	AL	55936
DeKalb	AL	43656
Elmore	AL	33857
Escambia	AL	35218
Etowah	AL	94886
Fayette	AL	16095
Franklin	AL	24627
Geneva	AL	22173
Greene	AL	10295
Hale	AL	15601
Henry	AL	13456
Houston	AL	58517
Jackson	AL	40669
Jefferson	AL	649806
Lamar	AL	14678
Lauderdale	AL	70157
Lawrence	AL	27408
Lee	AL	61895
Limestone	AL	41954
Lowndes	AL	13255
Macon	AL	25273
Madison	AL	188553
Marengo	AL	23396
Marion	AL	25441
Marshall	AL	55909
Mobile	AL	323275
Monroe	AL	21113
Montgomery	AL	169878
Morgan	AL	80252
Perry	AL	15355
Pickens	AL	20352
Pike	AL	25140
Randolph	AL	18599
Russell	AL	45623
St. Clair	AL	29546
Shelby	AL	40109
Sumter	AL	15819
Talladega	AL	64751
Tallapoosa	AL	33755
Tuscaloosa	AL	119591
Walker	AL	58705
Washington	AL	16458
Wilcox	AL	16245
Winston	AL	17730
Aleutians East	AK	0
Aleutians West	AK	8023
Anchorage	AK	134609
Bethel	AK	0
Bristol Bay	AK	1178
Denali	AK	0
Dillingham	AK	3571
Fairbanks North Star	AK	47258
Haines	AK	1722
Hoonah-Angoon	AK	2685
Juneau	AK	14671
Kenai Peninsula	AK	16483
Ketchikan Gateway	AK	10576
Kodiak Island	AK	9445
Lake and Peninsula	AK	0
Matanuska-Susitna	AK	7256
Nome	AK	5818
North Slope	AK	2719
Northwest Arctic	AK	4473
Petersburg	AK	5678
Prince of Wales-Hyder	AK	3699
Sitka	AK	6424
Skagway	AK	0
Southeast Fairbanks	AK	4245
Valdez-Cordova	AK	5357
Wade Hampton	AK	3940
Wrangell	AK	0
Yakutat	AK	0
Yukon-Koyukuk	AK	0
Apache	AZ	35537
Cochise	AZ	67149
Coconino	AZ	53330
Gila	AZ	30973
Graham	AZ	17452
Greenlee	AZ	11171
La Paz	AZ	0
Maricopa	AZ	1026415
Mohave	AZ	28736
Navajo	AZ	51231
Pima	AZ	380253
Pinal	AZ	73798
Santa Cruz	AZ	14799
Yavapai	AZ	40403
Yuma	AZ	64853
Arkansas	AR	23328
Ashley	AR	25440
Baxter	AR	16578
Benton	AR	53448
Boone	AR	19256
Bradley	AR	13082
Calhoun	AR	5547
Carroll	AR	12551
Chicot	AR	17757
Clark	AR	21884
Clay	AR	19733
Cleburne	AR	11072
Cleveland	AR	6405
Columbia	AR	26876
Conway	AR	16988
Craighead	AR	55259
Crawford	AR	27225
Crittenden	AR	47168
Cross	AR	19895
Dallas	AR	10392
Desha	AR	18837
Drew	AR	15072
Faulkner	AR	33405
Franklin	AR	11411
Fulton	AR	8517
Garland	AR	57206
Grant	AR	10329
Greene	AR	25987
Hempstead	AR	19947
Hot Spring	AR	22338
Howard	AR	12010
Independence	AR	23752
Izard	AR	7896
Jackson	AR	21475
Jefferson	AR	84464
Johnson	AR	14118
Lafayette	AR	10004
Lawrence	AR	16759
Lee	AR	17972
Lincoln	AR	12848
Little River	AR	12146
Logan	AR	17166
Lonoke	AR	26443
Madison	AR	9504
Marion	AR	7539
Miller	AR	34538
Mississippi	AR	61575
Monroe	AR	15079
Montgomery	AR	5690
Nevada	AR	10223
Newton	AR	5954
Ouachita	AR	30219
Perry	AR	5929
Phillips	AR	39030
Pike	AR	9317
Poinsett	AR	27234
Polk	AR	14253
Pope	AR	30579
Prairie	AR	10626
Pulaski	AR	294958
Randolph	AR	13011
St. Francis	AR	30091
Saline	AR	39430
Scott	AR	8894
Searcy	AR	8090
Sebastian	AR	81932
Sevier	AR	11778
Sharp	AR	8884
Stone	AR	7155
Union	AR	44875
Van Buren	AR	8768
Washington	AR	79550
White	AR	41616
Woodruff	AR	10729
Yell	AR	14955
Alameda	CA	1084482
Alpine	CA	584
Amador	CA	12542
Butte	CA	105916
Calaveras	CA	13918
Colusa	CA	12350
Contra Costa	CA	563370
Del Norte	CA	14985
El Dorado	CA	46046
Fresno	CA	424697
Glenn	CA	17396
Humboldt	CA	100115
Imperial	CA	74931
Inyo	CA	15799
Kern	CA	336227
Kings	CA	66450
Lake	CA	20929
Lassen	CA	17231
Los Angeles	CA	7103641
Madera	CA	42754
Marin	CA	207014
Mariposa	CA	6623
Mendocino	CA	52008
Merced	CA	108032
Modoc	CA	7728
Mono	CA	4529
Monterey	CA	252730
Napa	CA	81771
Nevada	CA	27421
Orange	CA	1484215
Placer	CA	80905
Plumas	CA	12125
Riverside	CA	477556
Sacramento	CA	653794
San Benito	CA	18673
San Bernardino	CA	693603
San Diego	CA	1391923
San Francisco	CA	708076
San Joaquin	CA	296167
San Luis Obispo	CA	109301
San Mateo	CA	556301
Santa Barbara	CA	269930
Santa Clara	CA	1100481
Santa Cruz	CA	129886
Shasta	CA	79434
Sierra	CA	2444
Siskiyou	CA	33382
Solano	CA	178481
Sonoma	CA	212402
Stanislaus	CA	199698
Sutter	CA	43040
Tehama	CA	30115
Trinity	CA	7939
Tulare	CA	194103
Tuolumne	CA	23057
Ventura	CA	395691
Yolo	CA	95307
Yuba	CA	45305
Adams	CO	193785
Alamosa	CO	11832
Arapahoe	CO	171306
Archuleta	CO	2490
Baca	CO	5616
Bent	CO	6525
Boulder	CO	140806
Broomfield	CO	0
Chaffee	CO	10810
Cheyenne	CO	2418
Clear Creek	CO	5739
Conejos	CO	7829
Costilla	CO	3064
Crowley	CO	3108
Custer	CO	1194
Delta	CO	15408
Denver	CO	525559
Dolores	CO	1591
Douglas	CO	9424
Eagle	CO	8519
Elbert	CO	3980
El Paso	CO	250167
Fremont	CO	22976
Garfield	CO	15757
Gilpin	CO	1429
Grand	CO	4791
Gunnison	CO	8328
Hinsdale	CO	209
Huerfano	CO	6327
Jackson	CO	2024
Jefferson	CO	249213
Kiowa	CO	2012
Kit Carson	CO	7843
Lake	CO	8503
La Plata	CO	20126
Larimer	CO	97124
Las Animas	CO	16174
Lincoln	CO	5006
Logan	CO	19161
Mesa	CO	55310
Mineral	CO	839
Moffat	CO	6458
Montezuma	CO	13548
Montrose	CO	18479
Morgan	CO	21097
Otero	CO	23095
Ouray	CO	1541
Park	CO	2318
Phillips	CO	3933
Pitkin	CO	7032
Prowers	CO	13454
Pueblo	CO	120744
Rio Blanco	CO	4829
Rio Grande	CO	10375
Routt	CO	7393
Saguache	CO	3888
San Juan	CO	794
San Miguel	CO	2049
Sedgwick	CO	3437
Summit	CO	3337
Teller	CO	3727
Washington	CO	5447
Weld	CO	93778
Yuma	CO	8398
Fairfield	CT	792757
Hartford	CT	824079
Litchfield	CT	145079
Middlesex	CT	117094
New Haven	CT	757030
New London	CT	233975
Tolland	CT	105536
Windham	CT	85895
Kent	DE	86628
New Castle	DE	394658
Sussex	DE	83919
Alachua	FL	108877
Baker	FL	9745
Bay	FL	78060
Bradford	FL	15264
Brevard	FL	231700
Broward	FL	668169
Calhoun	FL	7719
Charlotte	FL	30046
Citrus	FL	22680
Clay	FL	34614
Collier	FL	42683
Columbia	FL	26336
DeSoto	FL	14105
Dixie	FL	5505
Duval	FL	536025
Escambia	FL	211115
Flagler	FL	4534
Franklin	FL	7005
Gadsden	FL	39355
Gilchrist	FL	3789
Glades	FL	3953
Gulf	FL	10240
Hamilton	FL	7961
Hardee	FL	15721
Hendry	FL	12370
Hernando	FL	19978
Highlands	FL	31931
Hillsborough	FL	513134
Holmes	FL	11384
Indian River	FL	37617
Jackson	FL	35078
Jefferson	FL	8523
Lafayette	FL	2815
Lake	FL	73436
Lee	FL	116946
Leon	FL	110324
Levy	FL	13105
Liberty	FL	3664
Madison	FL	13939
Manatee	FL	100855
Marion	FL	76690
Martin	FL	31015
Miami-Dade	FL	1325035
Monroe	FL	54560
Nassau	FL	21614
Okaloosa	FL	90679
Okeechobee	FL	12894
Orange	FL	364826
Osceola	FL	28635
Palm Beach	FL	371530
Pasco	FL	89002
Pinellas	FL	558598
Polk	FL	241478
Putnam	FL	38633
St. Johns	FL	32713
St. Lucie	FL	53574
Santa Rosa	FL	40037
Sarasota	FL	131667
Seminole	FL	91817
Sumter	FL	15797
Suwannee	FL	16389
Taylor	FL	13542
Union	FL	8722
Volusia	FL	177388
Wakulla	FL	6802
Walton	FL	17027
Washington	FL	12034
Appling	GA	13341
Atkinson	GA	5706
Bacon	GA	8509
Baker	GA	3608
Baldwin	GA	34934
Banks	GA	6821
Barrow	GA	17539
Bartow	GA	34481
Ben Hill	GA	13272
Berrien	GA	11893
Bibb	GA	145838
Bleckley	GA	10573
Brantley	GA	5957
Brooks	GA	14078
Bryan	GA	6807
Bulloch	GA	32098
Burke	GA	18349
Butts	GA	11018
Calhoun	GA	6120
Camden	GA	11654
Candler	GA	6328
Carroll	GA	47842
Catoosa	GA	29076
Charlton	GA	6062
Chatham	GA	182247
Chattahoochee	GA	20343
Chattooga	GA	21356
Cherokee	GA	32704
Clarke	GA	67133
Clay	GA	3538
Clayton	GA	106825
Clinch	GA	6493
Cobb	GA	207132
Coffee	GA	23604
Colquitt	GA	32785
Columbia	GA	23110
Cook	GA	12084
Coweta	GA	33845
Crawford	GA	6030
Crisp	GA	18120
Dade	GA	10637
Dawson	GA	3638
Decatur	GA	22646
DeKalb	GA	440216
Dodge	GA	16212
Dooly	GA	10599
Dougherty	GA	93261
Douglas	GA	31802
Early	GA	12843
Echols	GA	1982
Effingham	GA	14222
Elbert	GA	17207
Emanuel	GA	18822
Evans	GA	8248
Fannin	GA	13733
Fayette	GA	12156
Floyd	GA	75746
Forsyth	GA	19107
Franklin	GA	13040
Fulton	GA	603562
Gilmer	GA	9584
Glascock	GA	2298
Glynn	GA	52138
Gordon	GA	24900
Grady	GA	17699
Greene	GA	10144
Gwinnett	GA	78963
Habersham	GA	21368
Hall	GA	62006
Hancock	GA	9332
Haralson	GA	16503
Harris	GA	11706
Hart	GA	16227
Heard	GA	5524
Henry	GA	24928
Houston	GA	65851
Irwin	GA	8518
Jackson	GA	21893
Jasper	GA	6064
Jeff Davis	GA	10007
Jefferson	GA	16878
Jenkins	GA	8292
Johnson	GA	7704
Jones	GA	13845
Lamar	GA	11071
Lanier	GA	5193
Laurens	GA	33223
Lee	GA	7394
Liberty	GA	17977
Lincoln	GA	5983
Long	GA	3610
Lowndes	GA	58022
Lumpkin	GA	9058
McDuffie	GA	15195
McIntosh	GA	7713
Macon	GA	13291
Madison	GA	14339
Marion	GA	5322
Meriwether	GA	20112
Miller	GA	6303
Mitchell	GA	18991
Monroe	GA	12060
Montgomery	GA	6058
Morgan	GA	10267
Murray	GA	13725
Muscogee	GA	170663
Newton	GA	27417
Oconee	GA	8141
Oglethorpe	GA	7600
Paulding	GA	18442
Peach	GA	17090
Pickens	GA	9856
Pierce	GA	9548
Pike	GA	7435
Polk	GA	30466
Pulaski	GA	7897
Putnam	GA	8703
Quitman	GA	1986
Rabun	GA	8651
Randolph	GA	8751
Richmond	GA	160549
Rockdale	GA	19450
Schley	GA	2796
Screven	GA	12807
Seminole	GA	7502
Spalding	GA	40581
Stephens	GA	20843
Stewart	GA	6370
Sumter	GA	27676
Talbot	GA	6607
Taliaferro	GA	2368
Tattnall	GA	16801
Taylor	GA	7702
Telfair	GA	11450
Terrell	GA	11268
Thomas	GA	35441
Tift	GA	28423
Toombs	GA	19895
Towns	GA	4879
Treutlen	GA	5693
Troup	GA	44679
Turner	GA	8601
Twiggs	GA	8064
Union	GA	7193
Upson	GA	23725
Walker	GA	52206
Walton	GA	25158
Ware	GA	34229
Warren	GA	7022
Washington	GA	17706
Wayne	GA	18279
Webster	GA	2362
Wheeler	GA	4661
White	GA	7925
Whitfield	GA	57556
Wilcox	GA	7032
Wilkes	GA	10357
Wilkinson	GA	9951
Worth	GA	15531
Hawaii	HI	73508
Honolulu	HI	642719
Kalawao	HI	0
Kauai	HI	33245
Maui	HI	51784
Ada	ID	117821
Adams	ID	2880
Bannock	ID	53233
Bear Lake	ID	5803
Benewah	ID	6431
Bingham	ID	29610
Blaine	ID	6170
Boise	ID	1977
Bonner	ID	15916
Bonneville	ID	52700
Boundary	ID	6178
Butte	ID	2847
Camas	ID	675
Canyon	ID	66202
Caribou	ID	6507
Cassia	ID	17321
Clark	ID	757
Clearwater	ID	11089
Custer	ID	3065
Elmore	ID	18616
Franklin	ID	7375
Fremont	ID	8952
Gem	ID	9738
Gooding	ID	9159
Idaho	ID	13259
Jefferson	ID	11749
Jerome	ID	10871
Kootenai	ID	36643
Latah	ID	26329
Lemhi	ID	5736
Lewis	ID	4019
Lincoln	ID	3199
Madison	ID	14062
Minidoka	ID	16548
Nez Perce	ID	30700
Oneida	ID	2846
Owyhee	ID	6800
Payette	ID	12604
Power	ID	4798
Shoshone	ID	19567
Teton	ID	2411
Twin Falls	ID	43868
Valley	ID	3714
Washington	ID	7985
Adams	IL	70526
Alexander	IL	12173
Bond	IL	14411
Boone	IL	25643
Brown	IL	5769
Bureau	IL	37273
Calhoun	IL	5536
Carroll	IL	19123
Cass	IL	14438
Champaign	IL	164330
Christian	IL	36471
Clark	IL	16343
Clay	IL	14774
Clinton	IL	28361
Coles	IL	49134
Cook	IL	5523037
Crawford	IL	19527
Cumberland	IL	9709
DeKalb	IL	71744
De Witt	IL	17029
Douglas	IL	18934
DuPage	IL	506442
Edgar	IL	21496
Edwards	IL	7043
Effingham	IL	25352
Fayette	IL	20993
Ford	IL	15585
Franklin	IL	39637
Fulton	IL	42519
Gallatin	IL	7682
Greene	IL	16775
Grundy	IL	27425
Hamilton	IL	8708
Hancock	IL	23240
Hardin	IL	4923
Henderson	IL	8446
Henry	IL	52428
Iroquois	IL	34043
Jackson	IL	56417
Jasper	IL	10697
Jefferson	IL	32342
Jersey	IL	19322
Jo Daviess	IL	22313
Johnson	IL	7524
Kane	IL	255582
Kankakee	IL	98659
Kendall	IL	26984
Knox	IL	60616
Lake	IL	385150
LaSalle	IL	111968
Lawrence	IL	17872
Lee	IL	37878
Livingston	IL	41875
Logan	IL	33725
McDonough	IL	37459
McHenry	IL	112144
McLean	IL	107919
Macon	IL	125277
Macoupin	IL	44775
Madison	IL	253952
Marion	IL	39834
Marshall	IL	13301
Mason	IL	16666
Massac	IL	13573
Menard	IL	9790
Mercer	IL	17259
Monroe	IL	18328
Montgomery	IL	30513
Morgan	IL	37241
Moultrie	IL	13558
Ogle	IL	42577
Peoria	IL	198750
Perry	IL	20161
Piatt	IL	15683
Pike	IL	19193
Pope	IL	3901
Pulaski	IL	8922
Putnam	IL	5021
Randolph	IL	32374
Richland	IL	17225
Rock Island	IL	166594
St. Clair	IL	282279
Saline	IL	26670
Sangamon	IL	165734
Schuyler	IL	7897
Scott	IL	6208
Shelby	IL	22572
Stark	IL	7546
Stephenson	IL	48773
Tazewell	IL	121541
Union	IL	16489
Vermilion	IL	97441
Wabash	IL	13059
Warren	IL	21591
Washington	IL	14249
Wayne	IL	17079
White	IL	16936
Whiteside	IL	63617
Will	IL	253980
Williamson	IL	50411
Winnebago	IL	245505
Woodford	IL	28251
Adams	IN	27176
Allen	IN	284939
Bartholomew	IN	57662
Benton	IN	11414
Blackford	IN	15996
Boone	IN	31280
Brown	IN	9372
Carroll	IN	18408
Cass	IN	40015
Clark	IN	77797
Clay	IN	24260
Clinton	IN	30658
Crawford	IN	7879
Daviess	IN	26753
Dearborn	IN	29306
Decatur	IN	23176
DeKalb	IN	31462
Delaware	IN	130523
Dubois	IN	31473
Elkhart	IN	127024
Fayette	IN	26484
Floyd	IN	55509
Fountain	IN	18592
Franklin	IN	17434
Fulton	IN	17742
Gibson	IN	30953
Grant	IN	83432
Greene	IN	27580
Hamilton	IN	55708
Hancock	IN	35204
Harrison	IN	20990
Hendricks	IN	54799
Henry	IN	53041
Howard	IN	83903
Huntington	IN	35213
Jackson	IN	32961
Jasper	IN	20973
Jay	IN	23919
Jefferson	IN	27068
Jennings	IN	19963
Johnson	IN	62213
Knox	IN	41942
Kosciusko	IN	49004
LaGrange	IN	21121
Lake	IN	551069
LaPorte	IN	106309
Lawrence	IN	39378
Madison	IN	141492
Marion	IN	795903
Marshall	IN	36182
Martin	IN	11428
Miami	IN	39041
Monroe	IN	87185
Montgomery	IN	34279
Morgan	IN	44519
Newton	IN	12076
Noble	IN	31416
Ohio	IN	4365
Orange	IN	17164
Owen	IN	12526
Parke	IN	14877
Perry	IN	19116
Pike	IN	12254
Porter	IN	89888
Posey	IN	22136
Pulaski	IN	12648
Putnam	IN	27219
Randolph	IN	29457
Ripley	IN	21679
Rush	IN	20184
St. Joseph	IN	243928
Scott	IN	17545
Shelby	IN	38152
Spencer	IN	17856
Starke	IN	19983
Steuben	IN	20733
Sullivan	IN	19930
Switzerland	IN	6418
Tippecanoe	IN	110971
Tipton	IN	16606
Union	IN	6733
Vanderburgh	IN	170043
Vermillion	IN	17290
Vigo	IN	115601
Wabash	IN	35483
Warren	IN	8612
Warrick	IN	29491
Washington	IN	19415
Wayne	IN	79421
Wells	IN	24341
White	IN	21332
Whitley	IN	23882
Adair	IA	9276
Adams	IA	6280
Allamakee	IA	15261
Appanoose	IA	15225
Audubon	IA	9385
Benton	IA	22968
Black Hawk	IA	133411
Boone	IA	26932
Bremer	IA	22792
Buchanan	IA	21553
Buena Vista	IA	21036
Butler	IA	17004
Calhoun	IA	14159
Carroll	IA	22845
Cass	IA	17223
Cedar	IA	17959
Cerro Gordo	IA	49456
Cherokee	IA	17311
Chickasaw	IA	14718
Clarke	IA	7615
Clay	IA	18556
Clayton	IA	20773
Clinton	IA	57354
Crawford	IA	18931
Dallas	IA	26390
Davis	IA	8243
Decatur	IA	9732
Delaware	IA	18411
Des Moines	IA	46390
Dickinson	IA	12867
Dubuque	IA	91737
Emmet	IA	13916
Fayette	IA	26829
Floyd	IA	21009
Franklin	IA	13232
Fremont	IA	9663
Greene	IA	12744
Grundy	IA	14078
Guthrie	IA	12325
Hamilton	IA	18040
Hancock	IA	13514
Hardin	IA	22281
Harrison	IA	16579
Henry	IA	18273
Howard	IA	11260
Humboldt	IA	12667
Ida	IA	9184
Iowa	IA	15405
Jackson	IA	21346
Jasper	IA	35711
Jefferson	IA	16250
Johnson	IA	73556
Jones	IA	19792
Keokuk	IA	14152
Kossuth	IA	22997
Lee	IA	44199
Linn	IA	164769
Louisa	IA	11019
Lucas	IA	10310
Lyon	IA	13029
Madison	IA	11650
Mahaska	IA	22545
Marion	IA	26766
Marshall	IA	41766
Mills	IA	12287
Mitchell	IA	12884
Monona	IA	12033
Monroe	IA	9464
Montgomery	IA	13129
Muscatine	IA	37851
O'Brien	IA	17815
Osceola	IA	8466
Page	IA	18999
Palo Alto	IA	13629
Plymouth	IA	24360
Pocahontas	IA	12733
Polk	IA	291334
Pottawattamie	IA	88329
Poweshiek	IA	18702
Ringgold	IA	6390
Sac	IA	15527
Scott	IA	145017
Shelby	IA	15680
Sioux	IA	28147
Story	IA	63650
Tama	IA	20447
Taylor	IA	8916
Union	IA	13673
Van Buren	IA	8530
Wapello	IA	42252
Warren	IA	28085
Washington	IA	19024
Wayne	IA	8258
Webster	IA	48175
Winnebago	IA	12959
Winneshiek	IA	21905
Woodbury	IA	104425
Worth	IA	8900
Wright	IA	17153
Allen	KS	15101
Anderson	KS	8471
Atchison	KS	19286
Barber	KS	6726
Barton	KS	30797
Bourbon	KS	15222
Brown	KS	11691
Butler	KS	37918
Chase	KS	3383
Chautauqua	KS	4609
Cherokee	KS	21631
Cheyenne	KS	4016
Clark	KS	2722
Clay	KS	9851
Cloud	KS	13032
Coffey	KS	7372
Comanche	KS	2710
Cowley	KS	34736
Crawford	KS	38712
Decatur	KS	4780
Dickinson	KS	20049
Doniphan	KS	9207
Douglas	KS	59620
Edwards	KS	4527
Elk	KS	3675
Ellis	KS	24864
Ellsworth	KS	6193
Finney	KS	19175
Ford	KS	22483
Franklin	KS	19944
Geary	KS	30554
Gove	KS	3897
Graham	KS	4536
Grant	KS	5975
Gray	KS	4391
Greeley	KS	1727
Greenwood	KS	9000
Hamilton	KS	2699
Harper	KS	7552
Harvey	KS	27510
Haskell	KS	3612
Hodgeman	KS	2622
Jackson	KS	10517
Jefferson	KS	12061
Jewell	KS	5766
Johnson	KS	223130
Kearny	KS	3072
Kingman	KS	8667
Kiowa	KS	3796
Labette	KS	25192
Lane	KS	2677
Leavenworth	KS	52734
Lincoln	KS	4432
Linn	KS	7764
Logan	KS	3685
Lyon	KS	32996
McPherson	KS	24862
Marion	KS	13864
Marshall	KS	13134
Meade	KS	4719
Miami	KS	19617
Mitchell	KS	7798
Montgomery	KS	40100
Morris	KS	6264
Morton	KS	3474
Nemaha	KS	11673
Neosho	KS	18783
Ness	KS	4749
Norton	KS	7016
Osage	KS	13491
Osborne	KS	6039
Ottawa	KS	6189
Pawnee	KS	8469
Phillips	KS	7721
Pottawatomie	KS	11879
Pratt	KS	9917
Rawlins	KS	4177
Reno	KS	61056
Republic	KS	8273
Rice	KS	12296
Riley	KS	58247
Rooks	KS	7446
Rush	KS	4874
Russell	KS	9024
Saline	KS	47025
Scott	KS	5353
Sedgwick	KS	344931
Seward	KS	16303
Shawnee	KS	156157
Sheridan	KS	3612
Sherman	KS	7610
Smith	KS	6604
Stafford	KS	5848
Stanton	KS	2202
Stevens	KS	4049
Sumner	KS	22879
Thomas	KS	7586
Trego	KS	4413
Wabaunsee	KS	6542
Wallace	KS	2178
Washington	KS	8838
Wichita	KS	3217
Wilson	KS	10948
Woodson	KS	4765
Wyandotte	KS	186801
Adair	KY	13611
Allen	KY	12919
Anderson	KY	9991
Ballard	KY	8744
Barren	KY	29832
Bath	KY	9386
Bell	KY	31915
Boone	KY	34161
Bourbon	KY	18718
Boyd	KY	52877
Boyle	KY	22632
Bracken	KY	7371
Breathitt	KY	14362
Breckinridge	KY	15164
Bullitt	KY	28323
Butler	KY	9959
Caldwell	KY	13252
Calloway	KY	27966
Campbell	KY	88637
Carlisle	KY	5376
Carroll	KY	8618
Carter	KY	20484
Casey	KY	12983
Christian	KY	59217
Clark	KY	25220
Clay	KY	19248
Clinton	KY	8324
Crittenden	KY	8718
Cumberland	KY	6861
Daviess	KY	80298
Edmonson	KY	9557
Elliott	KY	5977
Estill	KY	13185
Fayette	KY	179030
Fleming	KY	11670
Floyd	KY	38300
Franklin	KY	35394
Fulton	KY	10401
Gallatin	KY	4236
Garrard	KY	9421
Grant	KY	10599
Graves	KY	31473
Grayson	KY	17393
Green	KY	10430
Greenup	KY	33826
Hancock	KY	7316
Hardin	KY	78744
Harlan	KY	39051
Harrison	KY	14224
Hart	KY	14584
Henderson	KY	36104
Henry	KY	10935
Hickman	KY	6494
Hopkins	KY	39437
Jackson	KY	10030
Jefferson	KY	705610
Jessamine	KY	18023
Johnson	KY	18376
Kenton	KY	130515
Knott	KY	15425
Knox	KY	24575
Larue	KY	10937
Laurel	KY	28260
Lawrence	KY	11156
Lee	KY	6855
Leslie	KY	12061
Letcher	KY	24903
Lewis	KY	12798
Lincoln	KY	17160
Livingston	KY	7867
Logan	KY	22345
Lyon	KY	5857
McCracken	KY	59625
McCreary	KY	13195
McLean	KY	9345
Madison	KY	43562
Magoffin	KY	10688
Marion	KY	16869
Marshall	KY	21324
Martin	KY	9829
Mason	KY	17066
Meade	KY	18148
Menifee	KY	4271
Mercer	KY	16336
Metcalfe	KY	8085
Monroe	KY	12160
Montgomery	KY	16207
Morgan	KY	10248
Muhlenberg	KY	28243
Nelson	KY	23634
Nicholas	KY	6597
Ohio	KY	19070
Oldham	KY	14776
Owen	KY	7773
Owsley	KY	5190
Pendleton	KY	10260
Perry	KY	27335
Pike	KY	64365
Powell	KY	7839
Pulaski	KY	36955
Robertson	KY	2167
Rockcastle	KY	12796
Rowan	KY	17515
Russell	KY	11084
Scott	KY	17907
Shelby	KY	19342
Simpson	KY	13250
Spencer	KY	5574
Taylor	KY	18044
Todd	KY	10929
Trigg	KY	8668
Trimble	KY	5327
Union	KY	15742
Warren	KY	61084
Washington	KY	10515
Wayne	KY	14262
Webster	KY	13261
Whitley	KY	25544
Wolfe	KY	5703
Woodford	KY	14796
Acadia	LA	52506
Allen	LA	21006
Ascension	LA	38026
Assumption	LA	19948
Avoyelles	LA	38284
Beauregard	LA	23227
Bienville	LA	15756
Bossier	LA	65228
Caddo	LA	234054
Calcasieu	LA	145989
Caldwell	LA	9232
Cameron	LA	8676
Catahoula	LA	12173
Claiborne	LA	16786
Concordia	LA	22093
De Soto	LA	23293
East Baton Rouge	LA	290638
East Carroll	LA	12757
East Feliciana	LA	18553
Evangeline	LA	33111
Franklin	LA	23667
Grant	LA	14314
Iberia	LA	58561
Iberville	LA	31494
Jackson	LA	16664
Jefferson	LA	354588
Jefferson Davis	LA	29883
Lafayette	LA	113917
Lafourche	LA	70811
La Salle	LA	14101
Lincoln	LA	35269
Livingston	LA	37148
Madison	LA	15017
Morehouse	LA	32515
Natchitoches	LA	36019
Orleans	LA	594995
Ouachita	LA	117591
Plaquemines	LA	26327
Pointe Coupee	LA	22613
Rapides	LA	122441
Red River	LA	9205
Richland	LA	22323
Sabine	LA	19383
St. Bernard	LA	52166
St. Charles	LA	30246
St. Helena	LA	9468
St. James	LA	19075
St. John the Baptist	LA	24021
St. Landry	LA	80969
St. Martin	LA	33501
St. Mary	LA	62449
St. Tammany	LA	65032
Tangipahoa	LA	68420
Tensas	LA	9391
Terrebonne	LA	77180
Union	LA	18980
Vermilion	LA	43191
Vernon	LA	55505
Washington	LA	42367
Webster	LA	40572
West Baton Rouge	LA	17247
West Carroll	LA	13140
West Feliciana	LA	11112
Winn	LA	16419
Androscoggin	ME	92880
Aroostook	ME	94613
Cumberland	ME	196720
Franklin	ME	23267
Hancock	ME	35691
Kennebec	ME	97006
Knox	ME	30009
Lincoln	ME	21133
Oxford	ME	44446
Penobscot	ME	127934
Piscataquis	ME	16454
Sagadahoc	ME	24084
Somerset	ME	41672
Waldo	ME	24125
Washington	ME	30274
York	ME	115360
Allegany	MD	84154
Anne Arundel	MD	309045
Baltimore	MD	635069
Calvert	MD	22034
Caroline	MD	20504
Carroll	MD	71320
Cecil	MD	54837
Charles	MD	50770
Dorchester	MD	30148
Frederick	MD	87210
Garrett	MD	22260
Harford	MD	120447
Howard	MD	69133
Kent	MD	16768
Montgomery	MD	534362
Prince George's	MD	687755
Queen Anne's	MD	19021
St. Mary's	MD	50127
Somerset	MD	19029
Talbot	MD	23788
Washington	MD	105089
Wicomico	MD	56304
Worcester	MD	25251
Baltimore city	MD	908070
Barnstable	MA	99244
Berkshire	MA	150987
Bristol	MA	449175
Dukes	MA	6408
Essex	MA	645134
Franklin	MA	59838
Hampden	MA	458885
Hampshire	MA	126405
Middlesex	MA	1410085
Nantucket	MA	3862
Norfolk	MA	603301
Plymouth	MA	340912
Suffolk	MA	740630
Worcester	MA	643717
Alcona	MI	7600
Alger	MI	8443
Allegan	MI	68672
Alpena	MI	31517
Antrim	MI	13292
Arenac	MI	11667
Baraga	MI	7731
Barry	MI	39113
Bay	MI	118512
Benzie	MI	8620
Berrien	MI	165229
Branch	MI	38844
Calhoun	MI	140646
Cass	MI	43559
Charlevoix	MI	17132
Cheboygan	MI	17222
Chippewa	MI	33283
Clare	MI	17514
Clinton	MI	48781
Crawford	MI	6730
Delta	MI	36675
Dickinson	MI	23898
Eaton	MI	70770
Emmet	MI	19319
Genesee	MI	448308
Gladwin	MI	14091
Gogebic	MI	20638
Grand Traverse	MI	40849
Gratiot	MI	39923
Hillsdale	MI	38293
Houghton	MI	35907
Huron	MI	35203
Ingham	MI	262924
Ionia	MI	46993
Iosco	MI	26344
Iron	MI	13556
Isabella	MI	46796
Jackson	MI	143588
Kalamazoo	MI	201572
Kalkaska	MI	5635
Kent	MI	411720
Keweenaw	MI	2413
Lake	MI	6255
Lapeer	MI	54221
Leelanau	MI	10921
Lenawee	MI	82919
Livingston	MI	61365
Luce	MI	7202
Mackinac	MI	10028
Macomb	MI	634249
Manistee	MI	21126
Marquette	MI	66841
Mason	MI	23893
Mecosta	MI	29155
Menominee	MI	24877
Midland	MI	65050
Missaukee	MI	7863
Monroe	MI	121588
Montcalm	MI	40564
Montmorency	MI	5360
Muskegon	MI	158337
Newaygo	MI	28422
Oakland	MI	915874
Oceana	MI	18712
Ogemaw	MI	12176
Ontonagon	MI	10759
Osceola	MI	15918
Oscoda	MI	4868
Otsego	MI	10858
Ottawa	MI	129379
Presque Isle	MI	13091
Roscommon	MI	10841
Saginaw	MI	223169
St. Clair	MI	125074
St. Joseph	MI	48254
Sanilac	MI	36104
Schoolcraft	MI	8342
Shiawassee	MI	65119
Tuscola	MI	49774
Van Buren	MI	58174
Washtenaw	MI	236221
Wayne	MI	2668984
Wexford	MI	20345
Aitkin	MN	11637
Anoka	MN	159042
Becker	MN	24880
Beltrami	MN	27317
Benton	MN	21408
Big Stone	MN	8206
Blue Earth	MN	53352
Brown	MN	29357
Carlton	MN	28540
Carver	MN	29113
Cass	MN	17813
Chippewa	MN	15255
Chisago	MN	18601
Clay	MN	47597
Clearwater	MN	8172
Cook	MN	3486
Cottonwood	MN	14840
Crow Wing	MN	36350
Dakota	MN	144209
Dodge	MN	13157
Douglas	MN	23145
Faribault	MN	20982
Fillmore	MN	22048
Freeborn	MN	38796
Goodhue	MN	35757
Grant	MN	7427
Hennepin	MN	963525
Houston	MN	17679
Hubbard	MN	11038
Isanti	MN	18612
Itasca	MN	36336
Jackson	MN	14306
Kanabec	MN	10243
Kandiyohi	MN	31407
Kittson	MN	6996
Koochiching	MN	17292
Lac qui Parle	MN	10806
Lake	MN	13452
Lake of the Woods	MN	4163
Le Sueur	MN	21885
Lincoln	MN	8126
Lyon	MN	24355
McLeod	MN	28104
Mahnomen	MN	5574
Marshall	MN	13142
Martin	MN	24708
Meeker	MN	18733
Mille Lacs	MN	16005
Morrison	MN	27609
Mower	MN	44394
Murray	MN	12287
Nicollet	MN	24659
Nobles	MN	23357
Norman	MN	10002
Olmsted	MN	85246
Otter Tail	MN	46751
Pennington	MN	13977
Pine	MN	17292
Pipestone	MN	12338
Polk	MN	34525
Pope	MN	11281
Ramsey	MN	474720
Red Lake	MN	5538
Redwood	MN	19849
Renville	MN	21055
Rice	MN	42454
Rock	MN	11386
Roseau	MN	11710
St. Louis	MN	222124
Scott	MN	33334
Sherburne	MN	19223
Sibley	MN	15948
Stearns	MN	97569
Steele	MN	27256
Stevens	MN	11440
Swift	MN	12923
Todd	MN	22579
Traverse	MN	6239
Wabasha	MN	17568
Wadena	MN	12374
Waseca	MN	16868
Washington	MN	86430
Watonwan	MN	13309
Wilkin	MN	9325
Winona	MN	45083
Wright	MN	40479
Yellow Medicine	MN	14383
Adams	MS	38067
Alcorn	MS	27926
Amite	MS	13317
Attala	MS	18150
Benton	MS	7540
Bolivar	MS	49871
Calhoun	MS	15339
Carroll	MS	9589
Chickasaw	MS	16685
Choctaw	MS	8135
Claiborne	MS	9830
Clarke	MS	15683
Clay	MS	19550
Coahoma	MS	39314
Copiah	MS	24445
Covington	MS	14727
DeSoto	MS	36794
Forrest	MS	58789
Franklin	MS	8350
George	MS	12958
Greene	MS	8656
Grenada	MS	19973
Hancock	MS	19094
Harrison	MS	140185
Hinds	MS	218166
Holmes	MS	24102
Humphreys	MS	14321
Issaquena	MS	2475
Itawamba	MS	17272
Jackson	MS	92063
Jasper	MS	16224
Jefferson	MS	9098
Jefferson Davis	MS	12970
Jones	MS	58136
Kemper	MS	10228
Lafayette	MS	25105
Lamar	MS	16028
Lauderdale	MS	69557
Lawrence	MS	11722
Leake	MS	17923
Lee	MS	48264
Leflore	MS	42022
Lincoln	MS	27662
Lowndes	MS	53042
Madison	MS	31411
Marion	MS	23341
Marshall	MS	24208
Monroe	MS	34463
Montgomery	MS	13188
Neshoba	MS	21787
Newton	MS	18749
Noxubee	MS	14160
Oktibbeha	MS	28413
Panola	MS	26265
Pearl River	MS	28209
Perry	MS	9165
Pike	MS	32789
Pontotoc	MS	17783
Prentiss	MS	21471
Quitman	MS	15020
Rankin	MS	47058
Scott	MS	22337
Sharkey	MS	8354
Simpson	MS	19930
Smith	MS	13855
Stone	MS	8499
Sunflower	MS	37608
Tallahatchie	MS	18971
Tate	MS	19538
Tippah	MS	16536
Tishomingo	MS	14990
Tunica	MS	11578
Union	MS	19690
Walthall	MS	12125
Warren	MS	46095
Washington	MS	71036
Wayne	MS	16487
Webster	MS	10616
Wilkinson	MS	11243
Winston	MS	18960
Yalobusha	MS	11553
Yazoo	MS	28658
Adair	MO	22294
Andrew	MO	12410
Atchison	MO	9700
Audrain	MO	26074
Barry	MO	20231
Barton	MO	10772
Bates	MO	15375
Benton	MO	10136
Bollinger	MO	9334
Boone	MO	82577
Buchanan	MO	87833
Butler	MO	35007
Caldwell	MO	8452
Callaway	MO	26321
Camden	MO	13917
Cape Girardeau	MO	50391
Carroll	MO	12628
Carter	MO	4120
Cass	MO	41696
Cedar	MO	9619
Chariton	MO	10745
Christian	MO	16300
Clark	MO	8220
Clay	MO	126724
Clinton	MO	13009
Cole	MO	46452
Cooper	MO	14477
Crawford	MO	14920
Dade	MO	6931
Dallas	MO	10519
Daviess	MO	8278
DeKalb	MO	7614
Dent	MO	12024
Douglas	MO	9790
Dunklin	MO	34544
Franklin	MO	57513
Gasconade	MO	12274
Gentry	MO	8296
Greene	MO	159028
Grundy	MO	12014
Harrison	MO	10340
Henry	MO	18639
Hickory	MO	4893
Holt	MO	6653
Howard	MO	10705
Howell	MO	24176
Iron	MO	10074
Jackson	MO	658148
Jasper	MO	80128
Jefferson	MO	108572
Johnson	MO	35701
Knox	MO	5874
Laclede	MO	20245
Lafayette	MO	27015
Lawrence	MO	25315
Lewis	MO	10888
Lincoln	MO	18352
Linn	MO	15534
Livingston	MO	15615
McDonald	MO	13155
Macon	MO	15335
Madison	MO	8884
Maries	MO	7097
Marion	MO	28027
Mercer	MO	4748
Miller	MO	15593
Mississippi	MO	17034
Moniteau	MO	10791
Monroe	MO	9629
Montgomery	MO	11060
Morgan	MO	10658
New Madrid	MO	24118
Newton	MO	34278
Nodaway	MO	22788
Oregon	MO	9233
Osage	MO	11023
Ozark	MO	6456
Pemiscot	MO	26428
Perry	MO	14751
Pettis	MO	34444
Phelps	MO	31419
Pike	MO	16886
Platte	MO	33752
Polk	MO	15967
Pulaski	MO	52195
Putnam	MO	5925
Ralls	MO	7556
Randolph	MO	22275
Ray	MO	18118
Reynolds	MO	6247
Ripley	MO	10326
St. Charles	MO	96850
St. Clair	MO	7716
Ste. Genevieve	MO	13307
St. Francois	MO	38124
St. Louis	MO	952999
Saline	MO	24581
Schuyler	MO	4841
Scotland	MO	5379
Scott	MO	34504
Shannon	MO	7367
Shelby	MO	8195
Stoddard	MO	26300
Stone	MO	10289
Sullivan	MO	7367
Taney	MO	14013
Texas	MO	18845
Vernon	MO	18940
Warren	MO	10385
Washington	MO	15403
Wayne	MO	9169
Webster	MO	16208
Worth	MO	3421
Wright	MO	14228
St. Louis city	MO	602591
Beaverhead	MT	8227
Big Horn	MT	10150
Blaine	MT	6752
Broadwater	MT	2583
Carbon	MT	7135
Carter	MT	1895
Cascade	MT	84450
Chouteau	MT	6394
Custer	MT	11989
Daniels	MT	3018
Dawson	MT	11304
Deer Lodge	MT	15837
Fallon	MT	4088
Fergus	MT	12642
Flathead	MT	40896
Gallatin	MT	33952
Garfield	MT	1829
Glacier	MT	10878
Golden Valley	MT	839
Granite	MT	2677
Hill	MT	17899
Jefferson	MT	5421
Judith Basin	MT	2663
Lake	MT	15229
Lewis and Clark	MT	34360
Liberty	MT	2411
Lincoln	MT	18137
McCone	MT	2796
Madison	MT	5194
Meagher	MT	2116
Mineral	MT	3042
Missoula	MT	59988
Musselshell	MT	3704
Park	MT	11734
Petroleum	MT	687
Phillips	MT	5355
Pondera	MT	7033
Powder River	MT	2752
Powell	MT	6624
Prairie	MT	1814
Ravalli	MT	15115
Richland	MT	9862
Roosevelt	MT	10389
Rosebud	MT	6076
Sanders	MT	7202
Sheridan	MT	5941
Silver Bow	MT	43048
Stillwater	MT	4846
Sweet Grass	MT	2989
Teton	MT	6138
Toole	MT	5882
Treasure	MT	1133
Valley	MT	11709
Wheatland	MT	2435
Wibaux	MT	1404
Yellowstone	MT	90272
Yellowstone National Park	MT	76
Adams	NE	30659
Antelope	NE	8895
Arthur	NE	590
Banner	NE	1015
Blaine	NE	841
Boone	NE	8133
Box Butte	NE	9992
Boyd	NE	3766
Brown	NE	3983
Buffalo	NE	31624
Burt	NE	9114
Butler	NE	9374
Cass	NE	18966
Cedar	NE	11997
Chase	NE	4105
Cherry	NE	6801
Cheyenne	NE	10783
Clay	NE	8319
Colfax	NE	9611
Cuming	NE	12118
Custer	NE	14295
Dakota	NE	13613
Dawes	NE	9859
Dawson	NE	20111
Deuel	NE	2629
Dixon	NE	7388
Dodge	NE	34931
Douglas	NE	396681
Dundy	NE	2893
Fillmore	NE	8259
Franklin	NE	4420
Frontier	NE	4105
Furnas	NE	6778
Gage	NE	25733
Garden	NE	2966
Garfield	NE	2473
Gosper	NE	2227
Grant	NE	1096
Greeley	NE	3975
Hall	NE	42721
Hamilton	NE	8757
Harlan	NE	4350
Hayes	NE	1573
Hitchcock	NE	4026
Holt	NE	12785
Hooker	NE	971
Howard	NE	7116
Jefferson	NE	10601
Johnson	NE	5759
Kearney	NE	6722
Keith	NE	8606
Keya Paha	NE	1348
Kimball	NE	5516
Knox	NE	11460
Lancaster	NE	172975
Lincoln	NE	30332
Logan	NE	1024
Loup	NE	810
McPherson	NE	624
Madison	NE	27608
Merrick	NE	8800
Morrill	NE	5720
Nance	NE	5017
Nemaha	NE	9003
Nuckolls	NE	7297
Otoe	NE	15712
Pawnee	NE	4509
Perkins	NE	3290
Phelps	NE	9537
Pierce	NE	8534
Platte	NE	26979
Polk	NE	6508
Red Willow	NE	12160
Richardson	NE	12370
Rock	NE	2227
Saline	NE	12617
Sarpy	NE	69474
Saunders	NE	17336
Scotts Bluff	NE	36631
Seward	NE	14761
Sheridan	NE	7176
Sherman	NE	4501
Sioux	NE	2112
Stanton	NE	5750
Thayer	NE	7649
Thomas	NE	1018
Thurston	NE	6997
Valley	NE	5552
Washington	NE	14090
Wayne	NE	10294
Webster	NE	5237
Wheeler	NE	1081
York	NE	13422
Churchill	NV	11157
Clark	NV	293002
Douglas	NV	7753
Elko	NV	13938
Esmeralda	NV	591
Eureka	NV	915
Humboldt	NV	6422
Lander	NV	2623
Lincoln	NV	2381
Lyon	NV	9285
Mineral	NV	6632
Nye	NV	4918
Pershing	NV	2618
Storey	NV	677
Washoe	NV	128555
White Pine	NV	10075
Carson City city	NV	18439
Belknap	NH	33579
Carroll	NH	18672
Cheshire	NH	53575
Coos	NH	34094
Grafton	NH	56393
Hillsborough	NH	237458
Merrimack	NH	83087
Rockingham	NH	142559
Strafford	NH	71133
Sullivan	NH	31618
Atlantic	NJ	179824
Bergen	NJ	893788
Burlington	NJ	337154
Camden	NJ	468195
Cape May	NJ	63485
Cumberland	NJ	126773
Essex	NJ	943411
Gloucester	NJ	176037
Hudson	NJ	604500
Hunterdon	NJ	70775
Mercer	NJ	308679
Middlesex	NJ	592646
Monmouth	NJ	472512
Morris	NJ	390005
Ocean	NJ	225757
Passaic	NJ	463919
Salem	NJ	62456
Somerset	NJ	200040
Sussex	NJ	81705
Union	NJ	545555
Warren	NJ	74707
Bernalillo	NM	331200
Catron	NM	2082
Chaves	NM	45340
Cibola	NM	0
Colfax	NM	12090
Curry	NM	41292
De Baca	NM	2591
Dona Ana	NM	72725
Eddy	NM	40599
Grant	NM	22619
Guadalupe	NM	4860
Harding	NM	1393
Hidalgo	NM	4541
Lea	NM	50022
Lincoln	NM	7831
Los Alamos	NM	15480
Luna	NM	12279
McKinley	NM	44557
Mora	NM	4502
Otero	NM	42820
Quay	NM	11331
Rio Arriba	NM	26069
Roosevelt	NM	16620
Sandoval	NM	19281
San Juan	NM	53915
San Miguel	NM	22827
Santa Fe	NM	56873
Sierra	NM	7348
Socorro	NM	10063
Taos	NM	18063
Torrance	NM	5184
Union	NM	5021
Valencia	NM	41824
Albany	NY	288612
Allegany	NY	48061
Bronx	NY	1477413
Broome	NY	223043
Cattaraugus	NY	84212
Cayuga	NY	78877
Chautauqua	NY	150079
Chemung	NY	101080
Chenango	NY	46624
Clinton	NY	76535
Columbia	NY	54184
Cortland	NY	45794
Delaware	NY	46167
Dutchess	NY	228867
Erie	NY	1120002
Essex	NY	34474
Franklin	NY	44968
Fulton	NY	54883
Genesee	NY	59800
Greene	NY	34812
Hamilton	NY	4792
Herkimer	NY	69031
Jefferson	NY	89719
Kings	NY	2609006
Lewis	NY	24196
Livingston	NY	55390
Madison	NY	63544
Monroe	NY	712630
Montgomery	NY	57122
Nassau	NY	1418391
New York	NY	1520844
Niagara	NY	234739
Oneida	NY	274935
Onondaga	NY	472475
Ontario	NY	81305
Orange	NY	228094
Orleans	NY	37577
Oswego	NY	103999
Otsego	NY	57018
Putnam	NY	58614
Queens	NY	1990859
Rensselaer	NY	154425
Richmond	NY	304924
Rockland	NY	235940
St. Lawrence	NY	113820
Saratoga	NY	129233
Schenectady	NY	162586
Schoharie	NY	26433
Schuyler	NY	16830
Seneca	NY	35358
Steuben	NY	100585
Suffolk	NY	1155812
Sullivan	NY	55533
Tioga	NY	47703
Tompkins	NY	77277
Ulster	NY	146705
Warren	NY	50890
Washington	NY	53776
Wayne	NY	80918
Westchester	NY	893516
Wyoming	NY	39258
Yates	NY	20550
Alamance	NC	98498
Alexander	NC	20347
Alleghany	NC	8337
Anson	NC	23791
Ashe	NC	19998
Avery	NC	13180
Beaufort	NC	36306
Bertie	NC	20856
Bladen	NC	26905
Brunswick	NC	25821
Buncombe	NC	147959
Burke	NC	62719
Cabarrus	NC	76647
Caldwell	NC	57917
Camden	NC	5533
Carteret	NC	32988
Caswell	NC	19415
Catawba	NC	93446
Chatham	NC	30356
Cherokee	NC	16694
Chowan	NC	10867
Clay	NC	5338
Cleveland	NC	74717
Columbus	NC	48015
Craven	NC	64495
Cumberland	NC	214280
Currituck	NC	7187
Dare	NC	7599
Davidson	NC	98494
Davie	NC	19403
Duplin	NC	38220
Durham	NC	134464
Edgecombe	NC	52066
Forsyth	NC	219934
Franklin	NC	27652
Gaston	NC	150843
Gates	NC	8450
Graham	NC	6537
Granville	NC	33376
Greene	NC	15374
Guilford	NC	294597
Halifax	NC	54103
Harnett	NC	50739
Haywood	NC	42511
Henderson	NC	44580
Hertford	NC	23177
Hoke	NC	16955
Hyde	NC	5652
Iredell	NC	73873
Jackson	NC	22385
Johnston	NC	62820
Jones	NC	9931
Lee	NC	31186
Lenoir	NC	56564
Lincoln	NC	33927
McDowell	NC	30936
Macon	NC	16448
Madison	NC	16053
Martin	NC	24630
Mecklenburg	NC	360106
Mitchell	NC	13810
Montgomery	NC	19655
Moore	NC	40735
Nash	NC	60228
New Hanover	NC	87356
Northampton	NC	23930
Onslow	NC	100830
Orange	NC	61402
Pamlico	NC	9462
Pasquotank	NC	27253
Pender	NC	18205
Perquimans	NC	8514
Person	NC	26442
Pitt	NC	75305
Polk	NC	11959
Randolph	NC	78993
Richmond	NC	40466
Robeson	NC	86896
Rockingham	NC	74484
Rowan	NC	91727
Rutherford	NC	49060
Sampson	NC	46515
Scotland	NC	27489
Stanly	NC	44062
Stokes	NC	25017
Surry	NC	52529
Swain	NC	9158
Transylvania	NC	19988
Tyrrell	NC	3880
Union	NC	56606
Vance	NC	32449
Wake	NC	238166
Warren	NC	16528
Washington	NC	14085
Watauga	NC	24995
Wayne	NC	87942
Wilkes	NC	51613
Wilson	NC	58363
Yadkin	NC	25393
Yancey	NC	13023
Adams	ND	3717
Barnes	ND	14892
Benson	ND	8245
Billings	ND	1148
Bottineau	ND	9290
Bowman	ND	3941
Burke	ND	4625
Burleigh	ND	41246
Cass	ND	75862
Cavalier	ND	9157
Dickey	ND	6904
Divide	ND	4511
Dunn	ND	4827
Eddy	ND	4069
Emmons	ND	7145
Foster	ND	4884
Golden Valley	ND	2650
Grand Forks	ND	63357
Grant	ND	5058
Griggs	ND	4114
Hettinger	ND	4900
Kidder	ND	4312
LaMoure	ND	6863
Logan	ND	4075
McHenry	ND	8920
McIntosh	ND	5609
McKenzie	ND	6093
McLean	ND	11527
Mercer	ND	6163
Morton	ND	20715
Mountrail	ND	8880
Nelson	ND	5787
Oliver	ND	2395
Pembina	ND	11069
Pierce	ND	6478
Ramsey	ND	12823
Ransom	ND	7068
Renville	ND	3875
Richland	ND	18142
Rolette	ND	11544
Sargent	ND	5946
Sheridan	ND	3384
Sioux	ND	3668
Slope	ND	1409
Stark	ND	19941
Steele	ND	3578
Stutsman	ND	23711
Towner	ND	4664
Traill	ND	9331
Walsh	ND	16487
Ward	ND	60629
Wells	ND	7912
Williams	ND	19092
Adams	OH	19870
Allen	OH	111437
Ashland	OH	43234
Ashtabula	OH	100668
Athens	OH	57227
Auglaize	OH	39244
Belmont	OH	83416
Brown	OH	27710
Butler	OH	229293
Carroll	OH	22061
Champaign	OH	30936
Clark	OH	160006
Clermont	OH	98285
Clinton	OH	31771
Columbiana	OH	109671
Coshocton	OH	33944
Crawford	OH	51714
Cuyahoga	OH	1707603
Darke	OH	50238
Defiance	OH	37149
Delaware	OH	43634
Erie	OH	77329
Fairfield	OH	75325
Fayette	OH	25919
Franklin	OH	850906
Fulton	OH	33972
Gallia	OH	26198
Geauga	OH	63220
Greene	OH	126795
Guernsey	OH	39297
Hamilton	OH	922803
Hancock	OH	62045
Hardin	OH	30910
Harrison	OH	17202
Henry	OH	27540
Highland	OH	29832
Hocking	OH	20860
Holmes	OH	23975
Huron	OH	50502
Jackson	OH	27115
Jefferson	OH	97124
Knox	OH	41917
Lake	OH	198108
Lawrence	OH	58385
Licking	OH	109846
Logan	OH	35824
Lorain	OH	259126
Lucas	OH	487236
Madison	OH	28933
Mahoning	OH	306269
Marion	OH	66301
Medina	OH	84448
Meigs	OH	19960
Mercer	OH	35699
Miami	OH	85543
Monroe	OH	15671
Montgomery	OH	603989
Morgan	OH	13199
Morrow	OH	22766
Muskingum	OH	78839
Noble	OH	10350
Ottawa	OH	37659
Paulding	OH	19779
Perry	OH	28021
Pickaway	OH	41388
Pike	OH	19052
Portage	OH	128789
Preble	OH	35795
Putnam	OH	31728
Richland	OH	129411
Ross	OH	60929
Sandusky	OH	61024
Scioto	OH	77721
Seneca	OH	60799
Shelby	OH	37629
Stark	OH	374768
Summit	OH	550440
Trumbull	OH	235341
Tuscarawas	OH	78405
Union	OH	25197
Van Wert	OH	29106
Vinton	OH	9384
Warren	OH	86598
Washington	OH	58084
Wayne	OH	88401
Williams	OH	33839
Wood	OH	92580
Wyandot	OH	22486
Adair	OK	15547
Alfalfa	OK	7206
Atoka	OK	11231
Beaver	OK	6317
Beckham	OK	15753
Blaine	OK	12175
Bryan	OK	26196
Caddo	OK	29747
Canadian	OK	33815
Carter	OK	38732
Cherokee	OK	24392
Choctaw	OK	16382
Cimarron	OK	3996
Cleveland	OK	87445
Coal	OK	5681
Comanche	OK	107874
Cotton	OK	6841
Craig	OK	14895
Creek	OK	46878
Custer	OK	23023
Delaware	OK	18751
Dewey	OK	5653
Ellis	OK	5357
Garfield	OK	57615
Garvin	OK	25903
Grady	OK	30587
Grant	OK	7048
Greer	OK	7723
Harmon	OK	4896
Harper	OK	4791
Haskell	OK	9934
Hughes	OK	13485
Jackson	OK	32080
Jefferson	OK	7444
Johnston	OK	8138
Kay	OK	48922
Kingfisher	OK	12864
Kiowa	OK	12437
Latimer	OK	8664
Le Flore	OK	33441
Lincoln	OK	20315
Logan	OK	21463
Love	OK	5923
McClain	OK	14920
McCurtain	OK	31516
McIntosh	OK	12638
Major	OK	7505
Marshall	OK	8258
Mayes	OK	23931
Murray	OK	10489
Muskogee	OK	59995
Noble	OK	10096
Nowata	OK	10032
Okfuskee	OK	10723
Oklahoma	OK	542613
Okmulgee	OK	36113
Osage	OK	29998
Ottawa	OK	30443
Pawnee	OK	11643
Payne	OK	52807
Pittsburg	OK	38283
Pontotoc	OK	28826
Pottawatomie	OK	44231
Pushmataha	OK	9481
Roger Mills	OK	4367
Rogers	OK	29334
Seminole	OK	25539
Sequoyah	OK	24051
Stephens	OK	36725
Texas	OK	16655
Tillman	OK	12630
Tulsa	OK	404477
Wagoner	OK	23752
Washington	OK	41454
Washita	OK	9566
Woods	OK	11674
Woodward	OK	15580
Baker	OR	15721
Benton	OR	54929
Clackamas	OR	172831
Clatsop	OR	28974
Columbia	OR	29301
Coos	OR	58794
Crook	OR	10587
Curry	OR	13531
Deschutes	OR	32835
Douglas	OR	74221
Gilliam	OR	1883
Grant	OR	7568
Harney	OR	7047
Hood River	OR	13367
Jackson	OR	99486
Jefferson	OR	8864
Josephine	OR	38848
Klamath	OR	51543
Lake	OR	6495
Lane	OR	220795
Lincoln	OR	27101
Linn	OR	75546
Malheur	OR	24103
Marion	OR	156287
Morrow	OR	4431
Multnomah	OR	555189
Polk	OR	36870
Sherman	OR	2063
Tillamook	OR	18409
Umatilla	OR	45744
Union	OR	20295
Wallowa	OR	6300
Wasco	OR	20716
Washington	OR	165246
Wheeler	OR	1748
Yamhill	OR	42205
Adams	PA	58628
Allegheny	PA	1593410
Armstrong	PA	76720
Beaver	PA	208840
Bedford	PA	43273
Berks	PA	299473
Blair	PA	136999
Bradford	PA	59679
Bucks	PA	426327
Butler	PA	130738
Cambria	PA	188836
Cameron	PA	7071
Carbon	PA	50524
Centre	PA	101263
Chester	PA	283309
Clarion	PA	39793
Clearfield	PA	75297
Clinton	PA	38342
Columbia	PA	56174
Crawford	PA	83303
Cumberland	PA	161706
Dauphin	PA	225310
Delaware	PA	601749
Elk	PA	38153
Erie	PA	268633
Fayette	PA	155822
Forest	PA	4959
Franklin	PA	103082
Fulton	PA	11323
Greene	PA	37194
Huntingdon	PA	39194
Indiana	PA	80891
Jefferson	PA	44462
Juniata	PA	17342
Lackawanna	PA	233676
Lancaster	PA	327154
Lawrence	PA	107793
Lebanon	PA	102907
Lehigh	PA	258617
Luzerne	PA	346910
Lycoming	PA	115429
McKean	PA	52774
Mercer	PA	129129
Mifflin	PA	45457
Monroe	PA	46302
Montgomery	PA	628727
Montour	PA	17059
Northampton	PA	218042
Northumberland	PA	100519
Perry	PA	29866
Philadelphia	PA	1928726
Pike	PA	12597
Potter	PA	16837
Schuylkill	PA	158921
Snyder	PA	30574
Somerset	PA	77502
Sullivan	PA	6209
Susquehanna	PA	35791
Tioga	PA	40938
Union	PA	29731
Venango	PA	63838
Warren	PA	48494
Washington	PA	215572
Wayne	PA	31095
Westmoreland	PA	379828
Wyoming	PA	20499
York	PA	278990
Bristol	RI	46264
Kent	RI	144814
Newport	RI	96934
Providence	RI	588613
Washington	RI	87347
Abbeville	SC	21506
Aiken	SC	91648
Allendale	SC	10003
Anderson	SC	108977
Bamberg	SC	15588
Barnwell	SC	17331
Beaufort	SC	53157
Berkeley	SC	58698
Calhoun	SC	10760
Charleston	SC	251396
Cherokee	SC	37670
Chester	SC	30129
Chesterfield	SC	34348
Clarendon	SC	25944
Colleton	SC	27717
Darlington	SC	53538
Dillon	SC	29043
Dorchester	SC	34932
Edgefield	SC	15502
Fairfield	SC	20161
Florence	SC	92077
Georgetown	SC	34170
Greenville	SC	247997
Greenwood	SC	50802
Hampton	SC	15972
Horry	SC	75343
Jasper	SC	11501
Kershaw	SC	35653
Lancaster	SC	44367
Laurens	SC	49188
Lee	SC	18222
Lexington	SC	93886
McCormick	SC	7833
Marion	SC	31113
Marlboro	SC	27849
Newberry	SC	29676
Oconee	SC	42274
Orangeburg	SC	70649
Pickens	SC	61426
Richland	SC	245450
Saluda	SC	14719
Spartanburg	SC	177980
Sumter	SC	81866
Union	SC	29764
Williamsburg	SC	34648
York	SC	89340
Aurora	SD	4454
Beadle	SD	20697
Bennett	SD	3321
Bon Homme	SD	8719
Brookings	SD	22423
Brown	SD	37608
Brule	SD	5702
Buffalo	SD	1735
Butte	SD	7537
Campbell	SD	2728
Charles Mix	SD	10016
Clark	SD	5513
Clay	SD	12448
Codington	SD	19529
Corson	SD	5149
Custer	SD	4890
Davison	SD	17798
Day	SD	8870
Deuel	SD	5590
Dewey	SD	5183
Douglas	SD	4590
Edmunds	SD	5706
Fall River	SD	7966
Faulk	SD	3881
Grant	SD	9085
Gregory	SD	6751
Haakon	SD	2752
Hamlin	SD	5401
Hand	SD	5456
Hanson	SD	3709
Harding	SD	1964
Hughes	SD	11716
Hutchinson	SD	10163
Hyde	SD	2472
Jackson	SD	2690
Jerauld	SD	3201
Jones	SD	1729
Kingsbury	SD	7331
Lake	SD	11056
Lawrence	SD	17514
Lincoln	SD	11556
Lyman	SD	3889
McCook	SD	7591
McPherson	SD	4967
Marshall	SD	5561
Meade	SD	17965
Mellette	SD	2348
Miner	SD	4343
Minnehaha	SD	96246
Moody	SD	7486
Pennington	SD	61786
Perkins	SD	4505
Potter	SD	4274
Roberts	SD	11580
Sanborn	SD	3449
Shannon	SD	9225
Spink	SD	10590
Stanley	SD	2526
Sully	SD	2345
Todd	SD	6819
Tripp	SD	8140
Turner	SD	9667
Union	SD	9839
Walworth	SD	8236
Yankton	SD	19191
Ziebach	SD	2184
Anderson	TN	61672
Bedford	TN	24820
Benton	TN	12518
Bledsoe	TN	7664
Blount	TN	64176
Bradley	TN	53415
Campbell	TN	27549
Cannon	TN	9012
Carroll	TN	26207
Carter	TN	44614
Cheatham	TN	13999
Chester	TN	10026
Claiborne	TN	20182
Clay	TN	6685
Cocke	TN	26075
Coffee	TN	33427
Crockett	TN	14609
Cumberland	TN	21206
Davidson	TN	452369
Decatur	TN	9338
DeKalb	TN	11306
Dickson	TN	22660
Dyer	TN	30827
Fayette	TN	21790
Fentress	TN	13004
Franklin	TN	27908
Gibson	TN	48154
Giles	TN	22605
Grainger	TN	14625
Greene	TN	48155
Grundy	TN	10929
Hamblen	TN	40556
Hamilton	TN	260740
Hancock	TN	6634
Hardeman	TN	22162
Hardin	TN	18747
Hawkins	TN	35713
Haywood	TN	19880
Henderson	TN	18225
Henry	TN	24472
Hickman	TN	12538
Houston	TN	5866
Humphreys	TN	14461
Jackson	TN	8407
Jefferson	TN	25958
Johnson	TN	11897
Knox	TN	284627
Lake	TN	7958
Lauderdale	TN	20409
Lawrence	TN	29939
Lewis	TN	6969
Lincoln	TN	25377
Loudon	TN	24585
McMinn	TN	36174
McNairy	TN	19005
Macon	TN	12452
Madison	TN	67683
Marion	TN	21114
Marshall	TN	17468
Maury	TN	43926
Meigs	TN	5359
Monroe	TN	24075
Montgomery	TN	64233
Moore	TN	3734
Morgan	TN	14214
Obion	TN	30800
Overton	TN	15327
Perry	TN	5504
Pickett	TN	3626
Polk	TN	11934
Putnam	TN	36968
Rhea	TN	17722
Roane	TN	39828
Robertson	TN	30312
Rutherford	TN	56253
Scott	TN	15282
Sequatchie	TN	6642
Sevier	TN	29899
Shelby	TN	733483
Smith	TN	13419
Stewart	TN	7558
Sullivan	TN	128703
Sumner	TN	59468
Tipton	TN	27814
Trousdale	TN	5344
Unicoi	TN	15785
Union	TN	9848
Van Buren	TN	3848
Warren	TN	27777
Washington	TN	76001
Wayne	TN	12640
Weakley	TN	29858
White	TN	16566
Williamson	TN	35926
Wilson	TN	38976
Anderson	TX	29457
Andrews	TX	10993
Angelina	TX	51541
Aransas	TX	9733
Archer	TX	5711
Armstrong	TX	1850
Atascosa	TX	19165
Austin	TX	14165
Bailey	TX	8362
Bandera	TX	4916
Bastrop	TX	18504
Baylor	TX	5185
Bee	TX	24042
Bell	TX	127644
Bexar	TX	861561
Blanco	TX	3770
Borden	TX	907
Bosque	TX	11519
Bowie	TX	68590
Brazoria	TX	112488
Brazos	TX	59953
Brewster	TX	7729
Briscoe	TX	2567
Brooks	TX	8345
Brown	TX	27539
Burleson	TX	10317
Burnet	TX	12246
Caldwell	TX	21531
Calhoun	TX	17905
Callahan	TX	8422
Cameron	TX	147752
Camp	TX	8091
Carson	TX	6271
Cass	TX	24117
Castro	TX	10496
Chambers	TX	12552
Cherokee	TX	33681
Childress	TX	6407
Clay	TX	8492
Cochran	TX	5563
Coke	TX	3139
Coleman	TX	10250
Collin	TX	70207
Collingsworth	TX	4536
Colorado	TX	17126
Comal	TX	25662
Comanche	TX	11909
Concho	TX	3120
Cooke	TX	23967
Coryell	TX	36861
Cottle	TX	3001
Crane	TX	4186
Crockett	TX	4220
Crosby	TX	9141
Culberson	TX	3371
Dallam	TX	5908
Dallas	TX	1351082
Dawson	TX	16504
Deaf Smith	TX	18986
Delta	TX	4763
Denton	TX	81309
DeWitt	TX	18759
Dickens	TX	3803
Dimmit	TX	9268
Donley	TX	3867
Duval	TX	12095
Eastland	TX	18688
Ector	TX	93608
Edwards	TX	2034
Ellis	TX	47414
El Paso	TX	369186
Erath	TX	18319
Falls	TX	17581
Fannin	TX	22884
Fayette	TX	17694
Fisher	TX	6341
Floyd	TX	10772
Foard	TX	2353
Fort Bend	TX	56367
Franklin	TX	5469
Freestone	TX	11696
Frio	TX	11247
Gaines	TX	11612
Galveston	TX	173013
Garza	TX	5159
Gillespie	TX	10956
Glasscock	TX	1110
Goliad	TX	5037
Gonzales	TX	16827
Gray	TX	26772
Grayson	TX	80724
Gregg	TX	76353
Grimes	TX	12110
Guadalupe	TX	35021
Hale	TX	35003
Hall	TX	5801
Hamilton	TX	7659
Hansford	TX	6294
Hardeman	TX	6845
Hardin	TX	30688
Harris	TX	1798957
Harrison	TX	45662
Hartley	TX	3058
Haskell	TX	8295
Hays	TX	29392
Hemphill	TX	3437
Henderson	TX	28290
Hidalgo	TX	193395
Hill	TX	22877
Hockley	TX	21146
Hood	TX	7557
Hopkins	TX	21284
Houston	TX	18621
Howard	TX	38947
Hudspeth	TX	2373
Hunt	TX	48905
Hutchinson	TX	25127
Irion	TX	1212
Jack	TX	6513
Jackson	TX	12944
Jasper	TX	24893
Jeff Davis	TX	1449
Jefferson	TX	246735
Jim Hogg	TX	4702
Jim Wells	TX	33804
Johnson	TX	48351
Jones	TX	16658
Karnes	TX	13553
Kaufman	TX	33346
Kendall	TX	7329
Kenedy	TX	583
Kent	TX	1397
Kerr	TX	19902
Kimble	TX	3869
King	TX	345
Kinney	TX	1944
Kleberg	TX	33934
Knox	TX	5937
Lamar	TX	37157
Lamb	TX	17719
Lampasas	TX	9881
La Salle	TX	5196
Lavaca	TX	17751
Lee	TX	8298
Leon	TX	8484
Liberty	TX	35338
Limestone	TX	19096
Lipscomb	TX	3567
Live Oak	TX	6533
Llano	TX	7309
Loving	TX	119
Lubbock	TX	185676
Lynn	TX	8683
McCulloch	TX	8542
McLennan	TX	149874
McMullen	TX	1002
Madison	TX	7740
Marion	TX	7980
Martin	TX	4880
Mason	TX	3330
Matagorda	TX	28339
Maverick	TX	19017
Medina	TX	20591
Menard	TX	2814
Midland	TX	66421
Milam	TX	20484
Mills	TX	4417
Mitchell	TX	8742
Montague	TX	15855
Montgomery	TX	57241
Moore	TX	14422
Morris	TX	12853
Motley	TX	2133
Nacogdoches	TX	38467
Navarro	TX	31425
Newton	TX	11392
Nolan	TX	16375
Nueces	TX	246131
Ochiltree	TX	9522
Oldham	TX	2572
Orange	TX	72415
Palo Pinto	TX	27638
Panola	TX	16694
Parker	TX	33667
Parmer	TX	10974
Pecos	TX	13487
Polk	TX	15433
Potter	TX	92073
Presidio	TX	5056
Rains	TX	3956
Randall	TX	55414
Reagan	TX	3361
Real	TX	2049
Red River	TX	14877
Reeves	TX	16557
Refugio	TX	9589
Roberts	TX	1016
Robertson	TX	14549
Rockwall	TX	7401
Runnels	TX	11970
Rusk	TX	34735
Sabine	TX	7249
San Augustine	TX	8036
San Jacinto	TX	6937
San Patricio	TX	47883
San Saba	TX	5539
Schleicher	TX	2213
Scurry	TX	16435
Shackelford	TX	3479
Shelby	TX	20295
Sherman	TX	3537
Smith	TX	99838
Somervell	TX	2851
Starr	TX	18532
Stephens	TX	8644
Sterling	TX	1147
Stonewall	TX	2500
Sutton	TX	3181
Swisher	TX	10537
Tarrant	TX	726370
Taylor	TX	99760
Terrell	TX	1842
Terry	TX	14498
Throckmorton	TX	2366
Titus	TX	17466
Tom Green	TX	73031
Travis	TX	310264
Trinity	TX	7919
Tyler	TX	12575
Upshur	TX	22527
Upton	TX	4671
Uvalde	TX	17727
Val Verde	TX	28608
Van Zandt	TX	24494
Victoria	TX	54618
Walker	TX	29801
Waller	TX	14854
Ward	TX	13033
Washington	TX	18874
Webb	TX	77555
Wharton	TX	37146
Wheeler	TX	6443
Wichita	TX	121710
Wilbarger	TX	15644
Willacy	TX	16057
Williamson	TX	39555
Wilson	TX	13270
Winkler	TX	9420
Wise	TX	20257
Wood	TX	20103
Yoakum	TX	7419
Young	TX	15759
Zapata	TX	4528
Zavala	TX	11778
Beaver	UT	3830
Box Elder	UT	28535
Cache	UT	43420
Carbon	UT	16064
Daggett	UT	655
Davis	UT	103663
Duchesne	UT	7878
Emery	UT	5258
Garfield	UT	3151
Grand	UT	6306
Iron	UT	12846
Juab	UT	4645
Kane	UT	2474
Millard	UT	7258
Morgan	UT	4113
Piute	UT	1131
Rich	UT	1600
Salt Lake	UT	476673
San Juan	UT	9984
Sanpete	UT	11191
Sevier	UT	10534
Summit	UT	6102
Tooele	UT	22208
Uintah	UT	13293
Utah	UT	145996
Wasatch	UT	6249
Washington	UT	15037
Wayne	UT	1472
Weber	UT	129151
Addison	VT	24462
Bennington	VT	29264
Caledonia	VT	23239
Chittenden	VT	102351
Essex	VT	5553
Franklin	VT	31601
Grand Isle	VT	3598
Lamoille	VT	13643
Orange	VT	18206
Orleans	VT	20453
Rutland	VT	54390
Washington	VT	48238
Windham	VT	34262
Windsor	VT	45090
Accomack	VA	28560
Albemarle	VA	38170
Alleghany	VA	13385
Amelia	VA	7654
Amherst	VA	26779
Appomattox	VA	9984
Arlington	VA	174497
Augusta	VA	46482
Bath	VA	5266
Bedford	VA	27835
Bland	VA	5663
Botetourt	VA	18547
Brunswick	VA	16230
Buchanan	VA	33661
Buckingham	VA	10841
Campbell	VA	44885
Caroline	VA	14455
Carroll	VA	23535
Charles City	VA	6347
Charlotte	VA	12775
Chesterfield	VA	81688
Clarke	VA	8469
Craig	VA	3529
Culpeper	VA	18839
Cumberland	VA	6301
Dickenson	VA	16623
Dinwiddie	VA	25404
Essex	VA	7386
Fairfax	VA	464686
Fauquier	VA	27600
Floyd	VA	9956
Fluvanna	VA	8019
Franklin	VA	29410
Frederick	VA	25998
Giles	VA	16895
Gloucester	VA	14710
Goochland	VA	10114
Grayson	VA	16340
Greene	VA	5483
Greensville	VA	9741
Halifax	VA	30267
Hanover	VA	39337
Henrico	VA	160465
Henry	VA	52386
Highland	VA	2636
Isle of Wight	VA	19310
James City	VA	18636
King and Queen	VA	5533
King George	VA	8314
King William	VA	7402
Lancaster	VA	8967
Lee	VA	21911
Loudoun	VA	38500
Louisa	VA	15339
Lunenburg	VA	11550
Madison	VA	8896
Mathews	VA	7545
Mecklenburg	VA	30264
Middlesex	VA	6224
Montgomery	VA	48509
Nelson	VA	11426
New Kent	VA	5439
Northampton	VA	14650
Northumberland	VA	9684
Nottoway	VA	14636
Orange	VA	14689
Page	VA	17076
Patrick	VA	15961
Pittsylvania	VA	59762
Powhatan	VA	8211
Prince Edward	VA	14848
Prince George	VA	28531
Prince William	VA	100948
Pulaski	VA	30567
Rappahannock	VA	5231
Richmond	VA	6598
Roanoke	VA	71102
Rockbridge	VA	16861
Rockingham	VA	50137
Russell	VA	25152
Scott	VA	24889
Shenandoah	VA	23762
Smyth	VA	32323
Southampton	VA	18493
Spotsylvania	VA	17853
Stafford	VA	25624
Surry	VA	6398
Sussex	VA	11464
Tazewell	VA	41832
Warren	VA	16249
Washington	VA	43059
Westmoreland	VA	12864
Wise	VA	37167
Wythe	VA	22931
York	VA	28787
Alexandria	VA	110294
Bedford	VA	6096
Bristol	VA	14647
Buena Vista	VA	6118
Charlottesville	VA	39748
Chesapeake	VA	91858
Clifton Forge	VA	5694
Colonial Heights	VA	15788
Covington	VA	10013
Danville	VA	47304
Emporia	VA	5339
Fairfax	VA	21729
Falls Church	VA	10675
Franklin	VA	6844
Fredericksburg	VA	14694
Galax	VA	6131
Hampton	VA	121432
Harrisonburg	VA	14961
Hopewell	VA	24250
Lexington	VA	7618
Lynchburg	VA	55778
Manassas	VA	11173
Manassas Park	VA	7113
Martinsville	VA	19501
Newport News	VA	139866
Norfolk	VA	302121
Norton	VA	4251
Petersburg	VA	36000
Poquoson	VA	5703
Portsmouth	VA	111480
Radford	VA	12087
Richmond	VA	246474
Roanoke	VA	93665
Salem	VA	22102
South Boston	VA	6979
Staunton	VA	24455
Suffolk	VA	46132
Virginia Beach	VA	180321
Waynesboro	VA	16769
Williamsburg	VA	9743
Winchester	VA	19892
Adams	WA	12474
Asotin	WA	14091
Benton	WA	67742
Chelan	WA	41074
Clallam	WA	36103
Clark	WA	134699
Columbia	WA	4269
Cowlitz	WA	69830
Douglas	WA	17108
Ferry	WA	3796
Franklin	WA	26338
Garfield	WA	2907
Grant	WA	43570
Grays Harbor	WA	59487
Island	WA	27710
Jefferson	WA	10452
King	WA	1149612
Kitsap	WA	101605
Kittitas	WA	25567
Klickitat	WA	12420
Lewis	WA	46190
Lincoln	WA	9580
Mason	WA	21285
Okanogan	WA	26015
Pacific	WA	15625
Pend Oreille	WA	6330
Pierce	WA	417620
San Juan	WA	4110
Skagit	WA	52694
Skamania	WA	5891
Snohomish	WA	267944
Spokane	WA	296857
Stevens	WA	17571
Thurston	WA	79920
Wahkiakum	WA	3579
Walla Walla	WA	42231
Whatcom	WA	85688
Whitman	WA	38939
Yakima	WA	148016
Barbour	WV	14721
Berkeley	WV	37180
Boone	WV	25554
Braxton	WV	13206
Brooke	WV	30131
Cabell	WV	108917
Calhoun	WV	7191
Clay	WV	9797
Doddridge	WV	6416
Fayette	WV	49840
Gilmer	WV	7720
Grant	WV	8715
Greenbrier	WV	32550
Hampshire	WV	11825
Hancock	WV	39905
Hardy	WV	8998
Harrison	WV	74508
Jackson	WV	20802
Jefferson	WV	21493
Kanawha	WV	229834
Lewis	WV	18339
Lincoln	WV	19477
Logan	WV	47433
McDowell	WV	50783
Marion	WV	62285
Marshall	WV	38496
Mason	WV	24555
Mercer	WV	64004
Mineral	WV	23581
Mingo	WV	33818
Monongalia	WV	64757
Monroe	WV	11592
Morgan	WV	8609
Nicholas	WV	23186
Ohio	WV	64260
Pendleton	WV	7153
Pleasants	WV	7451
Pocahontas	WV	8893
Preston	WV	25926
Putnam	WV	28033
Raleigh	WV	72557
Randolph	WV	25489
Ritchie	WV	10534
Roane	WV	14411
Summers	WV	14021
Taylor	WV	14417
Tucker	WV	7758
Tyler	WV	10058
Upshur	WV	19829
Wayne	WV	38625
Webster	WV	9673
Wetzel	WV	20012
Wirt	WV	4171
Wood	WV	85939
Wyoming	WV	30799
Adams	WI	9740
Ashland	WI	16495
Barron	WI	35303
Bayfield	WI	11851
Brown	WI	161673
Buffalo	WI	14097
Burnett	WI	9623
Calumet	WI	27726
Chippewa	WI	48371
Clark	WI	30620
Columbia	WI	40898
Crawford	WI	15627
Dane	WI	294364
Dodge	WI	69885
Door	WI	20501
Douglas	WI	45558
Dunn	WI	29792
Eau Claire	WI	70245
Florence	WI	3297
Fond du Lac	WI	83568
Forest	WI	7724
Grant	WI	48763
Green	WI	27272
Green Lake	WI	17395
Iowa	WI	20091
Iron	WI	6513
Jackson	WI	15356
Jefferson	WI	60995
Juneau	WI	18716
Kenosha	WI	118856
Kewaunee	WI	19411
La Crosse	WI	81621
Lafayette	WI	17758
Langlade	WI	19568
Lincoln	WI	24453
Manitowoc	WI	82182
Marathon	WI	99163
Marinette	WI	35971
Marquette	WI	9140
Menominee	WI	2865
Milwaukee	WI	1052388
Monroe	WI	32122
Oconto	WI	25508
Oneida	WI	25252
Outagamie	WI	120597
Ozaukee	WI	55655
Pepin	WI	7612
Pierce	WI	27818
Polk	WI	27678
Portage	WI	48808
Price	WI	14612
Racine	WI	170370
Richland	WI	16659
Rock	WI	132256
Rusk	WI	14406
St. Croix	WI	35317
Sauk	WI	39247
Sawyer	WI	10077
Shawano	WI	33087
Sheboygan	WI	97080
Taylor	WI	17624
Trempealeau	WI	23266
Vernon	WI	24749
Vilas	WI	11400
Walworth	WI	64369
Washburn	WI	10917
Washington	WI	64744
Waukesha	WI	232425
Waupaca	WI	38403
Waushara	WI	15250
Winnebago	WI	131227
Wood	WI	65961
Albany	WY	26533
Big Horn	WY	10499
Campbell	WY	13514
Carbon	WY	13993
Converse	WY	6533
Crook	WY	4491
Fremont	WY	28685
Goshen	WY	11064
Hot Springs	WY	5318
Johnson	WY	5722
Laramie	WY	57941
Lincoln	WY	9261
Natrona	WY	52119
Niobrara	WY	2940
Park	WY	18036
Platte	WY	6741
Sheridan	WY	17912
Sublette	WY	3623
Sweetwater	WY	19236
Teton	WY	5188
Uinta	WY	7001
Washakie	WY	7529
Weston	WY	6134